<?xml version="1.0" encoding="UTF-8"?>
<!DOCTYPE mapper
  PUBLIC "-//mybatis.org//DTD Mapper 3.0//EN"
  "http://mybatis.org/dtd/mybatis-3-mapper.dtd">
<mapper namespace="com.myproject.mapper.BoardMapper">
	<sql id="search">
		<where>
			<if test="word!=null and field == 'writer'">
				writer like CONCAT ('%',#{word},'%')
			</if>
			<if test="word!=null and field =='content'">
				content like CONCAT ('%',#{word},'%' )
			</if>
		</where>
		
	</sql>
	<insert id="insert">
		insert into wordboard(title, writer, content,regdate)
		values(#{title}, #{writer}, #{content}, now())
	</insert>
	
	<select id="findAll" resultType="com.myproject.dto.BoardDTO">
		select * from wordboard
		<include refid="search" />
		order by num desc limit #{startRow}, #{pageSize}
	</select>

	<select id="count" resultType="int">
		select count(*) from wordboard
		<include refid="search" />
	</select>
	<select id="findByNum" resultType="com.myproject.dto.BoardDTO">
		select * from wordboard where
		num =#{num}
	</select>
	<!-- reply count 1 증가 -->
	<update id="updateReplyCnt">
		update wordboard set replycnt = replycnt+#{amount}
		where num = #{bnum}
	</update>

	<!-- 조회수 증가 -->
	<update id="hitcount">
		update wordboard set hitcount=hitcount+1
		where
		num=#{num}
	</update>

	<!-- 글 수정 -->
	<update id="update">
		update wordboard set title=#{title}, content=#{content}, writer=#{writer}
		where num=#{num}
	</update>

	<!-- 글삭제 -->
	<delete id="delete">
		delete from wordboard where num = #{num}
	</delete>
</mapper>
  
  