<?xml version="1.0" encoding="UTF-8" ?>
<!DOCTYPE mapper
  PUBLIC "-//mybatis.org//DTD Mapper 3.0//EN"
  "http://mybatis.org/dtd/mybatis-3-mapper.dtd">
<mapper namespace="com.myproject.mapper.ReplyMapper">
	<insert id="insert">
		insert into replyboard(userid, content, bnum, regdate)
		values('aa', #{content}, #{bnum}, now())
	</insert>

	<!-- 댓글 리스트 -->
	<select id="getList" resultType="com.myproject.dto.ReplyDTO">
		select * from replyboard where bnum=#{bnum}
	</select>
	
	<!-- 댓글삭제 -->
	<delete id="delete">
		delete from replyboard where rnum=#{rnum}
	</delete>

	<!-- 댓글조회 -->
	<select id="read" resultType="com.myproject.dto.ReplyDTO">
		select * from replyboard where rnum=#{rnum}
	</select>

</mapper>